{
  "indexes": [
    {
      "collectionGroup": "transactions",
      "queryScope": "COLLECTION",
      "fields": [
        {
          "fieldPath": "managerId",
          "order": "ASCENDING"
        },
        {
          "fieldPath": "date",
          "order": "DESCENDING"
        }
      ]
    },
    {
      "collectionGroup": "transactions", 
      "queryScope": "COLLECTION",
      "fields": [
        {
          "fieldPath": "creatorId",
          "order": "ASCENDING"
        },
        {
          "fieldPath": "date",
          "order": "DESCENDING"
        }
      ]
    },
    {
      "collectionGroup": "bonuses",
      "queryScope": "COLLECTION", 
      "fields": [
        {
          "fieldPath": "managerId",
          "order": "ASCENDING"
        },
        {
          "fieldPath": "month",
          "order": "DESCENDING"
        }
      ]
    },
    {
      "collectionGroup": "audit-logs",
      "queryScope": "COLLECTION",
      "fields": [
        {
          "fieldPath": "timestamp",
          "order": "DESCENDING"
        },
        {
          "fieldPath": "userId",
          "order": "ASCENDING"
        }
      ]
    }
  ],
  "fieldOverrides": []
} 